{
    "11112": {
        "title": "The Daughter's Tale",
        "author": "Armando Lucas Correa",
        "borrower_name": "N/A",
        "available": true
    },
    "11116": {
        "title": "The German Girl",
        "author": "Armando Lucas Correa",
        "borrower_name": "N/A",
        "available": true
    },
    "11121": {
        "title": "The Winter Spirits",
        "author": "Jess Kidd",
        "borrower_name": "N/A",
        "available": true
    },
    "11122": {
        "title": "The Haunting Season",
        "author": "Jess Kidd",
        "borrower_name": "N/A",
        "available": true
    },
    "11124": {
        "title": "Things In Jar",
        "author": "Jess Kidd",
        "borrower_name": "N/A",
        "available": true
    },
    "11125": {
        "title": "The Hoarder",
        "author": "Jess Kidd",
        "borrower_name": "N/A",
        "available": true
    },
    "11127": {
        "title": "Himself",
        "author": "Jess Kidd",
        "borrower_name": "N/A",
        "available": true
    },
    "11130": {
        "title": "All The Missing Girls",
        "author": "Megan Miranda",
        "borrower_name": "Isabella White",
        "available": false,
        "due_date": "2024-03-28"
    },
    "11131": {
        "title": "The Last House Guest",
        "author": "Megan Miranda",
        "borrower_name": "Noah Anderson",
        "available": false,
        "due_date": "2024-04-02"
    },
    "11133": {
        "title": "The Only Survivors",
        "author": "Megan Miranda",
        "borrower_name": "Emma Martinez",
        "available": false,
        "due_date": "2024-04-05"
    },
    "11134": {
        "title": "The Perfect Strangers",
        "author": "Megan Miranda",
        "borrower_name": "Ethan Wilson",
        "available": false,
        "due_date": "2024-04-08"
    },
    "11135": {
        "title": "Such A Quiet Place",
        "author": "Megan Miranda",
        "borrower_name": "Sophia Thompson",
        "available": false,
        "due_date": "2024-04-11"
    },
    "11137": {
        "title": "The Safest Lies",
        "author": "Megan Miranda",
        "borrower_name": "Aiden Brown",
        "available": false,
        "due_date": "2024-04-14"
    },
    "11138": {
        "title": "Fragments of the Lost",
        "author": "Megan Miranda",
        "borrower_name": "Olivia Garcia",
        "available": false,
        "due_date": "2024-04-16"
    },
    "11139": {
        "title": "Come Find Me",
        "author": "Megan Miranda",
        "borrower_name": "Lucas Davis",
        "available": false,
        "due_date": "2024-03-16"
    },
    "11140": {
        "title": "Hysteria",
        "author": "Megan Miranda",
        "borrower_name": "Ava Rodriguez",
        "available": false,
        "due_date": "2024-03-20"
    },
    "11141": {
        "title": "Fracture",
        "author": "Megan Miranda",
        "borrower_name": "Lily Hernandez",
        "available": false,
        "due_date": "2024-03-23"
    },
    "11142": {
        "title": "Daughter of Mine",
        "author": "Megan Miranda",
        "borrower_name": "Mason Wilson",
        "available": false,
        "due_date": "2024-03-26"
    },
    "11143": {
        "title": "Vengeance",
        "author": "Megan Miranda",
        "borrower_name": "Ella Smith",
        "available": false,
        "due_date": "2024-03-30"
    },
    "11144": {
        "title": "Soulprint",
        "author": "Megan Miranda",
        "borrower_name": "Jackson Taylor",
        "available": false,
        "due_date": "2024-04-03"
    },
    "11150": {
        "title": "In Five Years: A Novel",
        "author": "Rebecca Serle",
        "borrower_name": "N/A",
        "available": true
    },
    "11151": {
        "title": "One Italian Summer: A Novel",
        "author": "Rebecca Serle",
        "borrower_name": "N/A",
        "available": true
    },
    "11152": {
        "title": "The Dinner List",
        "author": "Rebecca Serle",
        "borrower_name": "N/A",
        "available": true
    },
    "11153": {
        "title": "When You Were Mine",
        "author": "Rebecca Serle",
        "borrower_name": "N/A",
        "available": true
    },
    "11154": {
        "title": "Expiration Dates",
        "author": "Rebecca Serle",
        "borrower_name": "N/A",
        "available": true
    },
    "11155": {
        "title": "The Edge Of Falling",
        "author": "Rebecca Serle",
        "borrower_name": "N/A",
        "available": true
    },
    "11156": {
        "title": "Truly Madly Famously",
        "author": "Rebecca Serle",
        "borrower_name": "N/A",
        "available": true
    },
    "11160": {
        "title": "Normal People",
        "author": "Sally Rooney",
        "borrower_name": "N/A",
        "available": true
    },
    "11161": {
        "title": "Conversation With Friends",
        "author": "Sally Rooney",
        "borrower_name": "N/A",
        "available": true
    },
    "11162": {
        "title": "Mr. Salary: Faber Stories",
        "author": "Sally Rooney",
        "borrower_name": "N/A",
        "available": true
    },
    "11163": {
        "title": "Two Stories",
        "author": "Sally Rooney",
        "borrower_name": "N/A",
        "available": true
    },
    "11170": {
        "title": "None of This is True",
        "author": "Lisa Jewell",
        "borrower_name": "N/A",
        "available": true
    },
    "11171": {
        "title": "The Family Upstairs",
        "author": "Lisa Jewell",
        "borrower_name": "N/A",
        "available": true
    },
    "11172": {
        "title": "I Found You",
        "author": "Lisa Jewell",
        "borrower_name": "N/A",
        "available": true
    },
    "11230": {
        "title": "The Witness",
        "author": "Nora Roberts",
        "borrower_name": "N/A",
        "available": true
    },
    "11231": {
        "title": "Naked In Death",
        "author": "Nora Roberts",
        "borrower_name": "N/A",
        "available": true
    },
    "11232": {
        "title": "The Obsession",
        "author": "Nora Roberts",
        "borrower_name": "N/A",
        "available": true
    },
    "11233": {
        "title": "Dance Upon The Air",
        "author": "Nora Roberts",
        "borrower_name": "N/A",
        "available": true
    },
    "11234": {
        "title": "The Sacred Sins",
        "author": "Nora Roberts",
        "borrower_name": "N/A",
        "available": true
    },
    "11235": {
        "title": "Jewels of the Sun",
        "author": "Nora Roberts",
        "borrower_name": "N/A",
        "available": true
    },
    "11260": {
        "title": "The Sandman",
        "author": "Neil Gaiman",
        "borrower_name": "N/A",
        "available": true
    },
    "11261": {
        "title": "American Gods",
        "author": "Neil Gaiman",
        "borrower_name": "N/A",
        "available": true
    },
    "11262": {
        "title": "Stardust",
        "author": "Neil Gaiman",
        "borrower_name": "N/A",
        "available": true
    },
    "11263": {
        "title": "Aquaman",
        "author": "James Andrew",
        "borrower_name": "N/A",
        "available": true
    },
    "11265": {
        "title": "Hello World",
        "author": "Luke Gabriel",
        "borrower_name": "N/A",
        "available": true
    },
    "11266": {
        "title": "Ryomen Sukuna",
        "author": "Peter Christian",
        "borrower_name": "N/A",
        "available": true
    },
    "11267": {
        "title": "Understanding the Self",
        "author": "Luis Gabriel",
        "borrower_name": "N/A",
        "available": true
    },
    "11268": {
        "title": "Basketball is Life",
        "author": "James Andrew",
        "borrower_name": "N/A",
        "available": true
    },
    "11270": {
        "title": "The Silent Patient",
        "author": "Alex Michaelides",
        "borrower_name": "N/A",
        "available": true
    },
    "11271": {
        "title": "The Girl on the Train",
        "author": "Paula Hawkins",
        "borrower_name": "N/A",
        "available": true
    },
    "11272": {
        "title": "Big Little Lies",
        "author": "Liane Moriarty",
        "borrower_name": "N/A",
        "available": true
    },
    "11273": {
        "title": "Where the Crawdads Sing",
        "author": "Delia Owens",
        "borrower_name": "N/A",
        "available": true
    },
    "11274": {
        "title": "The Great Gatsby",
        "author": "F. Scott Fitzgerald",
        "borrower_name": "N/A",
        "available": true
    },
    "11275": {
        "title": "To Kill a Mockingbird",
        "author": "Harper Lee",
        "borrower_name": "N/A",
        "available": true
    },
    "11276": {
        "title": "1984",
        "author": "George Orwell",
        "borrower_name": "N/A",
        "available": true
    },
    "11277": {
        "title": "Pride and Prejudice",
        "author": "Jane Austen",
        "borrower_name": "N/A",
        "available": true
    },
    "11278": {
        "title": "The Catcher in the Rye",
        "author": "J.D. Salinger",
        "borrower_name": "N/A",
        "available": true
    },
    "11279": {
        "title": "The Hobbit",
        "author": "J.R.R. Tolkien",
        "borrower_name": "Sophia Rodriguez",
        "available": false,
        "due_date": "2024-04-28"
    },
    "11280": {
        "title": "The Hunger Games",
        "author": "Suzanne Collins",
        "borrower_name": "Daniel Johnson",
        "available": false,
        "due_date": "2024-04-30"
    },
    "11281": {
        "title": "Gone Girl",
        "author": "Gillian Flynn",
        "borrower_name": "Olivia Smith",
        "available": false,
        "due_date": "2024-05-02"
    },
    "11282": {
        "title": "The Da Vinci Code",
        "author": "Dan Brown",
        "borrower_name": "Michael Williams",
        "available": false,
        "due_date": "2024-05-04"
    },
    "11283": {
        "title": "The Alchemist",
        "author": "Paulo Coelho",
        "borrower_name": "Sophie Anderson",
        "available": false,
        "due_date": "2024-05-06"
    },
    "11284": {
        "title": "The Kite Runner",
        "author": "Khaled Hosseini",
        "borrower_name": "Ethan Thompson",
        "available": false,
        "due_date": "2024-05-08"
    },
    "11285": {
        "title": "The Road",
        "author": "Cormac McCarthy",
        "borrower_name": "N/A",
        "available": true
    },
    "11286": {
        "title": "The Help",
        "author": "Kathryn Stockett",
        "borrower_name": "N/A",
        "available": true
    },
    "11287": {
        "title": "The Secret Life of Bees",
        "author": "Sue Monk Kidd",
        "borrower_name": "N/A",
        "available": true
    },
    "11288": {
        "title": "The Fault in Our Stars",
        "author": "John Green",
        "borrower_name": "N/A",
        "available": true
    },
    "11289": {
        "title": "The Book Thief",
        "author": "Markus Zusak",
        "borrower_name": "N/A",
        "available": true
    },
    "11290": {
        "title": "The Goldfinch",
        "author": "Donna Tartt",
        "borrower_name": "N/A",
        "available": true
    },
    "11291": {
        "title": "Educated",
        "author": "Tara Westover",
        "borrower_name": "N/A",
        "available": true
    },
    "11292": {
        "title": "Becoming",
        "author": "Michelle Obama",
        "borrower_name": "N/A",
        "available": true
    },
    "11293": {
        "title": "Circe",
        "author": "Madeline Miller",
        "borrower_name": "N/A",
        "available": true
    },
    "11294": {
        "title": "The Night Circus",
        "author": "Erin Morgenstern",
        "borrower_name": "N/A",
        "available": true
    },
    "11295": {
        "title": "The Martian",
        "author": "Andy Weir",
        "borrower_name": "N/A",
        "available": true
    },
    "11296": {
        "title": "Ready Player One",
        "author": "Ernest Cline",
        "borrower_name": "N/A",
        "available": true
    },
    "11297": {
        "title": "The Name of the Wind",
        "author": "Patrick Rothfuss",
        "borrower_name": "N/A",
        "available": true
    },
    "11298": {
        "title": "The Nightingale",
        "author": "Kristin Hannah",
        "borrower_name": "N/A",
        "available": true
    },
    "11299": {
        "title": "Where'd You Go, Bernadette",
        "author": "Maria Semple",
        "borrower_name": "N/A",
        "available": true
    }
}